id,sentence,focus_word,options,prediction
1,Wọn sọ pe ọ̀run jẹ pataki,ọ̀run,"[""heaven"", ""sky"", ""spirit world"", ""afterlife""]",
2,Wọn sọ pe ọ̀run jẹ pataki,ọ̀run,"[""heaven"", ""sky"", ""spirit world"", ""afterlife""]",
3,Ade ra ọkọ tuntun,ọkọ,"[""vehicle"", ""husband"", ""farm"", ""spear""]",
4,Olùkọ́ sọ nipa ọ̀run,ọ̀run,"[""heaven"", ""sky"", ""spirit world"", ""afterlife""]",
5,ọkọ Ade ti bajẹ,ọkọ,"[""vehicle"", ""husband"", ""farm"", ""spear""]",
6,Wọn sọ pe àṣẹ jẹ pataki,àṣẹ,"[""authority"", ""command"", ""spiritual power"", ""permission""]",
7,Ade ra ìwà tuntun,ìwà,"[""character"", ""behavior"", ""existence"", ""moral nature""]",
8,Wọn sọ pe ọ̀run jẹ pataki,ọ̀run,"[""heaven"", ""sky"", ""spirit world"", ""afterlife""]",
9,ẹ̀dá Ade ti bajẹ,ẹ̀dá,"[""creature"", ""person"", ""creation"", ""being""]",
10,Wọn sọ pe ọkọ jẹ pataki,ọkọ,"[""vehicle"", ""husband"", ""farm"", ""spear""]",
11,Ade ra àṣẹ tuntun,àṣẹ,"[""authority"", ""command"", ""spiritual power"", ""permission""]",
12,Wọn sọ pe ọkọ jẹ pataki,ọkọ,"[""vehicle"", ""husband"", ""farm"", ""spear""]",
13,Ade ra àṣẹ tuntun,àṣẹ,"[""authority"", ""command"", ""spiritual power"", ""permission""]",
14,Wọn sọ pe ẹ̀dá jẹ pataki,ẹ̀dá,"[""creature"", ""person"", ""creation"", ""being""]",
15,Olùkọ́ sọ nipa ìwà,ìwà,"[""character"", ""behavior"", ""existence"", ""moral nature""]",
16,Ade ra ọ̀run tuntun,ọ̀run,"[""heaven"", ""sky"", ""spirit world"", ""afterlife""]",
17,Ade ra ẹ̀dá tuntun,ẹ̀dá,"[""creature"", ""person"", ""creation"", ""being""]",
18,Gbogbo eniyan mọ ẹ̀dá,ẹ̀dá,"[""creature"", ""person"", ""creation"", ""being""]",
19,Gbogbo eniyan mọ ẹ̀dá,ẹ̀dá,"[""creature"", ""person"", ""creation"", ""being""]",
20,Mo ri ọkọ lana,ọkọ,"[""vehicle"", ""husband"", ""farm"", ""spear""]",
21,Ade ra ògùn tuntun,ògùn,"[""medicine"", ""war"", ""inheritance"", ""poison""]",
22,ògùn naa wa ni ile,ògùn,"[""medicine"", ""war"", ""inheritance"", ""poison""]",
23,Olùkọ́ sọ nipa ọ̀run,ọ̀run,"[""heaven"", ""sky"", ""spirit world"", ""afterlife""]",
24,Wọn sọ pe àṣẹ jẹ pataki,àṣẹ,"[""authority"", ""command"", ""spiritual power"", ""permission""]",
25,Mo ri ògùn lana,ògùn,"[""medicine"", ""war"", ""inheritance"", ""poison""]",
26,Gbogbo eniyan mọ ẹ̀dá,ẹ̀dá,"[""creature"", ""person"", ""creation"", ""being""]",
27,ọkọ Ade ti bajẹ,ọkọ,"[""vehicle"", ""husband"", ""farm"", ""spear""]",
28,Ade ra ẹ̀dá tuntun,ẹ̀dá,"[""creature"", ""person"", ""creation"", ""being""]",
29,Gbogbo eniyan mọ ọkọ,ọkọ,"[""vehicle"", ""husband"", ""farm"", ""spear""]",
30,Wọn sọ pe àṣẹ jẹ pataki,àṣẹ,"[""authority"", ""command"", ""spiritual power"", ""permission""]",
31,ìwà Ade ti bajẹ,ìwà,"[""character"", ""behavior"", ""existence"", ""moral nature""]",
32,Wọn sọ pe ọkọ jẹ pataki,ọkọ,"[""vehicle"", ""husband"", ""farm"", ""spear""]",
33,Mo ri ìwà lana,ìwà,"[""character"", ""behavior"", ""existence"", ""moral nature""]",
34,ẹ̀dá Ade ti bajẹ,ẹ̀dá,"[""creature"", ""person"", ""creation"", ""being""]",
35,Mo ri ọkọ lana,ọkọ,"[""vehicle"", ""husband"", ""farm"", ""spear""]",
36,Ade ra ọkọ tuntun,ọkọ,"[""vehicle"", ""husband"", ""farm"", ""spear""]",
37,Olùkọ́ sọ nipa ọkọ,ọkọ,"[""vehicle"", ""husband"", ""farm"", ""spear""]",
38,Ade ra ìwà tuntun,ìwà,"[""character"", ""behavior"", ""existence"", ""moral nature""]",
39,Mo ri àṣẹ lana,àṣẹ,"[""authority"", ""command"", ""spiritual power"", ""permission""]",
40,Olùkọ́ sọ nipa ìwà,ìwà,"[""character"", ""behavior"", ""existence"", ""moral nature""]",
41,ògùn naa wa ni ile,ògùn,"[""medicine"", ""war"", ""inheritance"", ""poison""]",
42,ìwà naa wa ni ile,ìwà,"[""character"", ""behavior"", ""existence"", ""moral nature""]",
43,A nilo ọ̀run fun iṣẹ yii,ọ̀run,"[""heaven"", ""sky"", ""spirit world"", ""afterlife""]",
44,Ade ra ẹ̀dá tuntun,ẹ̀dá,"[""creature"", ""person"", ""creation"", ""being""]",
45,Olùkọ́ sọ nipa ọ̀run,ọ̀run,"[""heaven"", ""sky"", ""spirit world"", ""afterlife""]",
46,ọ̀run Ade ti bajẹ,ọ̀run,"[""heaven"", ""sky"", ""spirit world"", ""afterlife""]",
47,Ade ra ẹ̀dá tuntun,ẹ̀dá,"[""creature"", ""person"", ""creation"", ""being""]",
48,A nilo ọ̀run fun iṣẹ yii,ọ̀run,"[""heaven"", ""sky"", ""spirit world"", ""afterlife""]",
49,A nilo ọ̀run fun iṣẹ yii,ọ̀run,"[""heaven"", ""sky"", ""spirit world"", ""afterlife""]",
50,Mo ri ìwà lana,ìwà,"[""character"", ""behavior"", ""existence"", ""moral nature""]",
51,Wọn sọ pe ògùn jẹ pataki,ògùn,"[""medicine"", ""war"", ""inheritance"", ""poison""]",
52,A nilo ọ̀run fun iṣẹ yii,ọ̀run,"[""heaven"", ""sky"", ""spirit world"", ""afterlife""]",
53,Gbogbo eniyan mọ ọkọ,ọkọ,"[""vehicle"", ""husband"", ""farm"", ""spear""]",
54,Wọn sọ pe ìwà jẹ pataki,ìwà,"[""character"", ""behavior"", ""existence"", ""moral nature""]",
55,Wọn sọ pe ọ̀run jẹ pataki,ọ̀run,"[""heaven"", ""sky"", ""spirit world"", ""afterlife""]",
56,Wọn sọ pe àṣẹ jẹ pataki,àṣẹ,"[""authority"", ""command"", ""spiritual power"", ""permission""]",
57,Olùkọ́ sọ nipa ọkọ,ọkọ,"[""vehicle"", ""husband"", ""farm"", ""spear""]",
58,ìwà Ade ti bajẹ,ìwà,"[""character"", ""behavior"", ""existence"", ""moral nature""]",
59,Gbogbo eniyan mọ ògùn,ògùn,"[""medicine"", ""war"", ""inheritance"", ""poison""]",
60,A nilo àṣẹ fun iṣẹ yii,àṣẹ,"[""authority"", ""command"", ""spiritual power"", ""permission""]",
61,Wọn sọ pe ìwà jẹ pataki,ìwà,"[""character"", ""behavior"", ""existence"", ""moral nature""]",
62,Mo ri ọ̀run lana,ọ̀run,"[""heaven"", ""sky"", ""spirit world"", ""afterlife""]",
63,Gbogbo eniyan mọ àṣẹ,àṣẹ,"[""authority"", ""command"", ""spiritual power"", ""permission""]",
64,Wọn sọ pe ìwà jẹ pataki,ìwà,"[""character"", ""behavior"", ""existence"", ""moral nature""]",
65,Ade ra ọ̀run tuntun,ọ̀run,"[""heaven"", ""sky"", ""spirit world"", ""afterlife""]",
66,Gbogbo eniyan mọ àṣẹ,àṣẹ,"[""authority"", ""command"", ""spiritual power"", ""permission""]",
67,A nilo àṣẹ fun iṣẹ yii,àṣẹ,"[""authority"", ""command"", ""spiritual power"", ""permission""]",
68,Gbogbo eniyan mọ ọkọ,ọkọ,"[""vehicle"", ""husband"", ""farm"", ""spear""]",
69,A nilo ọkọ fun iṣẹ yii,ọkọ,"[""vehicle"", ""husband"", ""farm"", ""spear""]",
70,ògùn Ade ti bajẹ,ògùn,"[""medicine"", ""war"", ""inheritance"", ""poison""]",
71,ọ̀run Ade ti bajẹ,ọ̀run,"[""heaven"", ""sky"", ""spirit world"", ""afterlife""]",
72,Wọn sọ pe ògùn jẹ pataki,ògùn,"[""medicine"", ""war"", ""inheritance"", ""poison""]",
73,Gbogbo eniyan mọ ẹ̀dá,ẹ̀dá,"[""creature"", ""person"", ""creation"", ""being""]",
74,A nilo àṣẹ fun iṣẹ yii,àṣẹ,"[""authority"", ""command"", ""spiritual power"", ""permission""]",
75,Wọn sọ pe ọ̀run jẹ pataki,ọ̀run,"[""heaven"", ""sky"", ""spirit world"", ""afterlife""]",
76,Ade ra àṣẹ tuntun,àṣẹ,"[""authority"", ""command"", ""spiritual power"", ""permission""]",
77,ògùn naa wa ni ile,ògùn,"[""medicine"", ""war"", ""inheritance"", ""poison""]",
78,Gbogbo eniyan mọ ògùn,ògùn,"[""medicine"", ""war"", ""inheritance"", ""poison""]",
79,Ade ra ọ̀run tuntun,ọ̀run,"[""heaven"", ""sky"", ""spirit world"", ""afterlife""]",
80,A nilo ọ̀run fun iṣẹ yii,ọ̀run,"[""heaven"", ""sky"", ""spirit world"", ""afterlife""]",
81,A nilo àṣẹ fun iṣẹ yii,àṣẹ,"[""authority"", ""command"", ""spiritual power"", ""permission""]",
82,A nilo àṣẹ fun iṣẹ yii,àṣẹ,"[""authority"", ""command"", ""spiritual power"", ""permission""]",
83,A nilo ọ̀run fun iṣẹ yii,ọ̀run,"[""heaven"", ""sky"", ""spirit world"", ""afterlife""]",
84,A nilo ògùn fun iṣẹ yii,ògùn,"[""medicine"", ""war"", ""inheritance"", ""poison""]",
85,Ade ra ògùn tuntun,ògùn,"[""medicine"", ""war"", ""inheritance"", ""poison""]",
86,ọ̀run Ade ti bajẹ,ọ̀run,"[""heaven"", ""sky"", ""spirit world"", ""afterlife""]",
87,Olùkọ́ sọ nipa ọkọ,ọkọ,"[""vehicle"", ""husband"", ""farm"", ""spear""]",
88,Wọn sọ pe ẹ̀dá jẹ pataki,ẹ̀dá,"[""creature"", ""person"", ""creation"", ""being""]",
89,àṣẹ Ade ti bajẹ,àṣẹ,"[""authority"", ""command"", ""spiritual power"", ""permission""]",
90,Wọn sọ pe ọ̀run jẹ pataki,ọ̀run,"[""heaven"", ""sky"", ""spirit world"", ""afterlife""]",
91,Olùkọ́ sọ nipa ọ̀run,ọ̀run,"[""heaven"", ""sky"", ""spirit world"", ""afterlife""]",
92,Wọn sọ pe ọkọ jẹ pataki,ọkọ,"[""vehicle"", ""husband"", ""farm"", ""spear""]",
93,Olùkọ́ sọ nipa ògùn,ògùn,"[""medicine"", ""war"", ""inheritance"", ""poison""]",
94,Gbogbo eniyan mọ ògùn,ògùn,"[""medicine"", ""war"", ""inheritance"", ""poison""]",
95,Ade ra ìwà tuntun,ìwà,"[""character"", ""behavior"", ""existence"", ""moral nature""]",
96,Wọn sọ pe ọ̀run jẹ pataki,ọ̀run,"[""heaven"", ""sky"", ""spirit world"", ""afterlife""]",
97,Gbogbo eniyan mọ ẹ̀dá,ẹ̀dá,"[""creature"", ""person"", ""creation"", ""being""]",
98,Gbogbo eniyan mọ ìwà,ìwà,"[""character"", ""behavior"", ""existence"", ""moral nature""]",
99,Ade ra ọ̀run tuntun,ọ̀run,"[""heaven"", ""sky"", ""spirit world"", ""afterlife""]",
100,Ade ra ọkọ tuntun,ọkọ,"[""vehicle"", ""husband"", ""farm"", ""spear""]",
101,Wọn sọ pe ọkọ jẹ pataki,ọkọ,"[""vehicle"", ""husband"", ""farm"", ""spear""]",
102,ẹ̀dá naa wa ni ile,ẹ̀dá,"[""creature"", ""person"", ""creation"", ""being""]",
103,ọ̀run Ade ti bajẹ,ọ̀run,"[""heaven"", ""sky"", ""spirit world"", ""afterlife""]",
104,Gbogbo eniyan mọ ọ̀run,ọ̀run,"[""heaven"", ""sky"", ""spirit world"", ""afterlife""]",
105,A nilo ọ̀run fun iṣẹ yii,ọ̀run,"[""heaven"", ""sky"", ""spirit world"", ""afterlife""]",
106,ọ̀run Ade ti bajẹ,ọ̀run,"[""heaven"", ""sky"", ""spirit world"", ""afterlife""]",
107,Ade ra ọkọ tuntun,ọkọ,"[""vehicle"", ""husband"", ""farm"", ""spear""]",
108,Gbogbo eniyan mọ àṣẹ,àṣẹ,"[""authority"", ""command"", ""spiritual power"", ""permission""]",
109,Olùkọ́ sọ nipa ògùn,ògùn,"[""medicine"", ""war"", ""inheritance"", ""poison""]",
110,Gbogbo eniyan mọ àṣẹ,àṣẹ,"[""authority"", ""command"", ""spiritual power"", ""permission""]",
111,Ade ra ọ̀run tuntun,ọ̀run,"[""heaven"", ""sky"", ""spirit world"", ""afterlife""]",
112,Olùkọ́ sọ nipa àṣẹ,àṣẹ,"[""authority"", ""command"", ""spiritual power"", ""permission""]",
113,Olùkọ́ sọ nipa ìwà,ìwà,"[""character"", ""behavior"", ""existence"", ""moral nature""]",
114,Gbogbo eniyan mọ ọ̀run,ọ̀run,"[""heaven"", ""sky"", ""spirit world"", ""afterlife""]",
115,Olùkọ́ sọ nipa ìwà,ìwà,"[""character"", ""behavior"", ""existence"", ""moral nature""]",
116,Ade ra àṣẹ tuntun,àṣẹ,"[""authority"", ""command"", ""spiritual power"", ""permission""]",
117,ìwà Ade ti bajẹ,ìwà,"[""character"", ""behavior"", ""existence"", ""moral nature""]",
118,Mo ri ìwà lana,ìwà,"[""character"", ""behavior"", ""existence"", ""moral nature""]",
119,Wọn sọ pe ọkọ jẹ pataki,ọkọ,"[""vehicle"", ""husband"", ""farm"", ""spear""]",
120,A nilo ọ̀run fun iṣẹ yii,ọ̀run,"[""heaven"", ""sky"", ""spirit world"", ""afterlife""]",
121,Ade ra àṣẹ tuntun,àṣẹ,"[""authority"", ""command"", ""spiritual power"", ""permission""]",
122,A nilo ọkọ fun iṣẹ yii,ọkọ,"[""vehicle"", ""husband"", ""farm"", ""spear""]",
123,àṣẹ naa wa ni ile,àṣẹ,"[""authority"", ""command"", ""spiritual power"", ""permission""]",
124,A nilo àṣẹ fun iṣẹ yii,àṣẹ,"[""authority"", ""command"", ""spiritual power"", ""permission""]",
125,ìwà Ade ti bajẹ,ìwà,"[""character"", ""behavior"", ""existence"", ""moral nature""]",
126,Mo ri àṣẹ lana,àṣẹ,"[""authority"", ""command"", ""spiritual power"", ""permission""]",
127,àṣẹ naa wa ni ile,àṣẹ,"[""authority"", ""command"", ""spiritual power"", ""permission""]",
128,àṣẹ naa wa ni ile,àṣẹ,"[""authority"", ""command"", ""spiritual power"", ""permission""]",
129,A nilo ìwà fun iṣẹ yii,ìwà,"[""character"", ""behavior"", ""existence"", ""moral nature""]",
130,Olùkọ́ sọ nipa àṣẹ,àṣẹ,"[""authority"", ""command"", ""spiritual power"", ""permission""]",
131,Mo ri ẹ̀dá lana,ẹ̀dá,"[""creature"", ""person"", ""creation"", ""being""]",
132,ìwà naa wa ni ile,ìwà,"[""character"", ""behavior"", ""existence"", ""moral nature""]",
133,A nilo ọkọ fun iṣẹ yii,ọkọ,"[""vehicle"", ""husband"", ""farm"", ""spear""]",
134,Olùkọ́ sọ nipa ẹ̀dá,ẹ̀dá,"[""creature"", ""person"", ""creation"", ""being""]",
135,Olùkọ́ sọ nipa àṣẹ,àṣẹ,"[""authority"", ""command"", ""spiritual power"", ""permission""]",
136,Mo ri ọkọ lana,ọkọ,"[""vehicle"", ""husband"", ""farm"", ""spear""]",
137,ìwà naa wa ni ile,ìwà,"[""character"", ""behavior"", ""existence"", ""moral nature""]",
138,Gbogbo eniyan mọ ọ̀run,ọ̀run,"[""heaven"", ""sky"", ""spirit world"", ""afterlife""]",
139,Mo ri ọ̀run lana,ọ̀run,"[""heaven"", ""sky"", ""spirit world"", ""afterlife""]",
140,Wọn sọ pe ògùn jẹ pataki,ògùn,"[""medicine"", ""war"", ""inheritance"", ""poison""]",
141,ọ̀run Ade ti bajẹ,ọ̀run,"[""heaven"", ""sky"", ""spirit world"", ""afterlife""]",
142,Mo ri ẹ̀dá lana,ẹ̀dá,"[""creature"", ""person"", ""creation"", ""being""]",
143,ẹ̀dá naa wa ni ile,ẹ̀dá,"[""creature"", ""person"", ""creation"", ""being""]",
144,ògùn Ade ti bajẹ,ògùn,"[""medicine"", ""war"", ""inheritance"", ""poison""]",
145,Olùkọ́ sọ nipa ògùn,ògùn,"[""medicine"", ""war"", ""inheritance"", ""poison""]",
146,ìwà naa wa ni ile,ìwà,"[""character"", ""behavior"", ""existence"", ""moral nature""]",
147,ọkọ naa wa ni ile,ọkọ,"[""vehicle"", ""husband"", ""farm"", ""spear""]",
148,Gbogbo eniyan mọ àṣẹ,àṣẹ,"[""authority"", ""command"", ""spiritual power"", ""permission""]",
149,Olùkọ́ sọ nipa ẹ̀dá,ẹ̀dá,"[""creature"", ""person"", ""creation"", ""being""]",
150,ọ̀run naa wa ni ile,ọ̀run,"[""heaven"", ""sky"", ""spirit world"", ""afterlife""]",
151,Olùkọ́ sọ nipa ọ̀run,ọ̀run,"[""heaven"", ""sky"", ""spirit world"", ""afterlife""]",
152,Mo ri ọ̀run lana,ọ̀run,"[""heaven"", ""sky"", ""spirit world"", ""afterlife""]",
153,A nilo ọ̀run fun iṣẹ yii,ọ̀run,"[""heaven"", ""sky"", ""spirit world"", ""afterlife""]",
154,Olùkọ́ sọ nipa ọkọ,ọkọ,"[""vehicle"", ""husband"", ""farm"", ""spear""]",
155,Ade ra ọ̀run tuntun,ọ̀run,"[""heaven"", ""sky"", ""spirit world"", ""afterlife""]",
156,Gbogbo eniyan mọ àṣẹ,àṣẹ,"[""authority"", ""command"", ""spiritual power"", ""permission""]",
157,Olùkọ́ sọ nipa àṣẹ,àṣẹ,"[""authority"", ""command"", ""spiritual power"", ""permission""]",
158,Mo ri ẹ̀dá lana,ẹ̀dá,"[""creature"", ""person"", ""creation"", ""being""]",
159,Mo ri ògùn lana,ògùn,"[""medicine"", ""war"", ""inheritance"", ""poison""]",
160,Wọn sọ pe ògùn jẹ pataki,ògùn,"[""medicine"", ""war"", ""inheritance"", ""poison""]",
161,Gbogbo eniyan mọ ẹ̀dá,ẹ̀dá,"[""creature"", ""person"", ""creation"", ""being""]",
162,Wọn sọ pe ẹ̀dá jẹ pataki,ẹ̀dá,"[""creature"", ""person"", ""creation"", ""being""]",
163,Wọn sọ pe ọkọ jẹ pataki,ọkọ,"[""vehicle"", ""husband"", ""farm"", ""spear""]",
164,Gbogbo eniyan mọ ìwà,ìwà,"[""character"", ""behavior"", ""existence"", ""moral nature""]",
165,ìwà Ade ti bajẹ,ìwà,"[""character"", ""behavior"", ""existence"", ""moral nature""]",
166,Mo ri ìwà lana,ìwà,"[""character"", ""behavior"", ""existence"", ""moral nature""]",
167,Ade ra ọ̀run tuntun,ọ̀run,"[""heaven"", ""sky"", ""spirit world"", ""afterlife""]",
168,Wọn sọ pe àṣẹ jẹ pataki,àṣẹ,"[""authority"", ""command"", ""spiritual power"", ""permission""]",
169,A nilo àṣẹ fun iṣẹ yii,àṣẹ,"[""authority"", ""command"", ""spiritual power"", ""permission""]",
170,ọkọ Ade ti bajẹ,ọkọ,"[""vehicle"", ""husband"", ""farm"", ""spear""]",
171,A nilo àṣẹ fun iṣẹ yii,àṣẹ,"[""authority"", ""command"", ""spiritual power"", ""permission""]",
172,Olùkọ́ sọ nipa àṣẹ,àṣẹ,"[""authority"", ""command"", ""spiritual power"", ""permission""]",
173,Mo ri ìwà lana,ìwà,"[""character"", ""behavior"", ""existence"", ""moral nature""]",
174,A nilo ìwà fun iṣẹ yii,ìwà,"[""character"", ""behavior"", ""existence"", ""moral nature""]",
175,Olùkọ́ sọ nipa ọ̀run,ọ̀run,"[""heaven"", ""sky"", ""spirit world"", ""afterlife""]",
176,Mo ri ẹ̀dá lana,ẹ̀dá,"[""creature"", ""person"", ""creation"", ""being""]",
177,ìwà Ade ti bajẹ,ìwà,"[""character"", ""behavior"", ""existence"", ""moral nature""]",
178,ìwà Ade ti bajẹ,ìwà,"[""character"", ""behavior"", ""existence"", ""moral nature""]",
179,A nilo ọkọ fun iṣẹ yii,ọkọ,"[""vehicle"", ""husband"", ""farm"", ""spear""]",
180,Olùkọ́ sọ nipa ọ̀run,ọ̀run,"[""heaven"", ""sky"", ""spirit world"", ""afterlife""]",
181,A nilo àṣẹ fun iṣẹ yii,àṣẹ,"[""authority"", ""command"", ""spiritual power"", ""permission""]",
182,àṣẹ naa wa ni ile,àṣẹ,"[""authority"", ""command"", ""spiritual power"", ""permission""]",
183,ẹ̀dá naa wa ni ile,ẹ̀dá,"[""creature"", ""person"", ""creation"", ""being""]",
184,Gbogbo eniyan mọ àṣẹ,àṣẹ,"[""authority"", ""command"", ""spiritual power"", ""permission""]",
185,Mo ri ẹ̀dá lana,ẹ̀dá,"[""creature"", ""person"", ""creation"", ""being""]",
186,ìwà Ade ti bajẹ,ìwà,"[""character"", ""behavior"", ""existence"", ""moral nature""]",
187,ìwà naa wa ni ile,ìwà,"[""character"", ""behavior"", ""existence"", ""moral nature""]",
188,Olùkọ́ sọ nipa ọ̀run,ọ̀run,"[""heaven"", ""sky"", ""spirit world"", ""afterlife""]",
189,A nilo ọ̀run fun iṣẹ yii,ọ̀run,"[""heaven"", ""sky"", ""spirit world"", ""afterlife""]",
190,Olùkọ́ sọ nipa ògùn,ògùn,"[""medicine"", ""war"", ""inheritance"", ""poison""]",
191,Mo ri ìwà lana,ìwà,"[""character"", ""behavior"", ""existence"", ""moral nature""]",
192,àṣẹ Ade ti bajẹ,àṣẹ,"[""authority"", ""command"", ""spiritual power"", ""permission""]",
193,Gbogbo eniyan mọ ògùn,ògùn,"[""medicine"", ""war"", ""inheritance"", ""poison""]",
194,Wọn sọ pe ìwà jẹ pataki,ìwà,"[""character"", ""behavior"", ""existence"", ""moral nature""]",
195,Gbogbo eniyan mọ ìwà,ìwà,"[""character"", ""behavior"", ""existence"", ""moral nature""]",
196,Olùkọ́ sọ nipa ògùn,ògùn,"[""medicine"", ""war"", ""inheritance"", ""poison""]",
197,Ade ra ìwà tuntun,ìwà,"[""character"", ""behavior"", ""existence"", ""moral nature""]",
198,Wọn sọ pe ẹ̀dá jẹ pataki,ẹ̀dá,"[""creature"", ""person"", ""creation"", ""being""]",
199,ẹ̀dá Ade ti bajẹ,ẹ̀dá,"[""creature"", ""person"", ""creation"", ""being""]",
200,A nilo ẹ̀dá fun iṣẹ yii,ẹ̀dá,"[""creature"", ""person"", ""creation"", ""being""]",
